{
  "arch": "aarch64",
  "data-layout": "e-m:e-i8:8:32-i16:16:32-i64:64-i128:128-n32:64-S128",
  "disable-redzone": true,
  "executables": true,
  "features": "+strict-align,+neon,+fp-armv8",
  "linker": "rust-lld",
  "linker-flavor": "ld.lld",
  "llvm-target": "aarch64-unknown-linux-gnu",
  "max-atomic-width": 128,
  "panic-strategy": "abort",
  "relocation-model": "static",
  "pre-link-args": {
    "ld.lld": [
      "-TzCore/src/platform/aarch64/linker.ld"
    ]
  },
  "target-pointer-width": "64"
}
