{
  "llvm-target": "riscv64",
  "arch": "riscv64",
  "os": "none",
  "code-model": "medium",
  "cpu": "generic-rv64",
  "data-layout": "e-m:e-p:64:64-i64:64-i128:128-n64-S128",
  "target-c-int-width": "32",
  "target-endian": "little",
  "target-pointer-width": "64",
  "eh-frame-header": false,
  "emit-debug-gdb-scripts": false,
  "executables": true,
  "features": "+m,+a,+c",
  "is-builtin": false,
  "linker": "rust-lld",
  "linker-flavor": "ld.lld",
  "pre-link-args": {
    "ld.lld": [
      "-TzCore/src/platform/riscv/linker.ld"
    ]
  },
  "max-atomic-width": 64,
  "panic-strategy": "abort",
  "relocation-model": "static"
}
